{
    "interactionModel": {
        "languageModel": {
            "invocationName": "train brain",
            "intents": [
                {
                    "name": "AMAZON.FallbackIntent",
                    "samples": []
                },
                {
                    "name": "AMAZON.CancelIntent",
                    "samples": []
                },
                {
                    "name": "AMAZON.HelpIntent",
                    "samples": []
                },
                {
                    "name": "AMAZON.StopIntent",
                    "samples": []
                },
                {
                    "name": "AMAZON.NavigateHomeIntent",
                    "samples": []
                },
                {
                    "name": "RegelIntent",
                    "slots": [],
                    "samples": [
                        "Ich bin neu hier",
                        "Regeln",
                        "Regeln erkl�ren"
                    ]
                },
                {
                    "name": "StartGameIntent",
                    "slots": [],
                    "samples": [
                        "lass uns spielen",
                        "go",
                        "Los"
                    ]
                },
                {
                    "name": "StarteIntent",
                    "slots": [],
                    "samples": [
                        "Es kann losgehen"
                    ]
                },
                {
                    "name": "EndIntent",
                    "slots": [],
                    "samples": [
                        "Ich habe keine Lust mehr "
                    ]
                }
            ],
            "types": []
        }
    }
}